"name","team","url","age"
"Mikey Ambrose","Atlanta United 2","https://www.uslsoccer.com/mikey-ambrose",24
"Carlos Asensio","Atlanta United 2","https://www.uslsoccer.com/carlos-asensio",18
"Kevin Barajas","Atlanta United 2","https://www.uslsoccer.com/kevin-barajas",22
"George Bello","Atlanta United 2","https://www.uslsoccer.com/george-bello",16
"George Campbell","Atlanta United 2","https://www.uslsoccer.com/george-campbell",17
"Alessandro Castro","Atlanta United 2","https://www.uslsoccer.com/alessandro-castro",18
"Nicolas Caraux","Atlanta United 2","https://www.uslsoccer.com/nicolas-caraux",27
"Andrew Carleton","Atlanta United 2","https://www.uslsoccer.com/andrew-carleton",18
"Jose Carranza","Atlanta United 2","https://www.uslsoccer.com/jose-carranza",19
"Paul Christensen","Atlanta United 2","https://www.uslsoccer.com/paul-christensen",22
"AJ Cochran","Atlanta United 2","https://www.uslsoccer.com/aj-cochran",25
"Jackson Conway","Atlanta United 2","https://www.uslsoccer.com/jackson-conway",16
"Will Crain","Atlanta United 2","https://www.uslsoccer.com/will-crain",18
"Kendall Edwards","Atlanta United 2","https://www.uslsoccer.com/kendall-edwards",17
"Jon Gallagher","Atlanta United 2","https://www.uslsoccer.com/jon-gallagher",22
"Justin Garces","Atlanta United 2","https://www.uslsoccer.com/justin-garces",17
"Chris Goslin","Atlanta United 2","https://www.uslsoccer.com/chris-goslin",18
"Mitch Hildebrandt","Atlanta United 2","https://www.uslsoccer.com/mitch-hildebrandt",29
"Alec Kann","Atlanta United 2","https://www.uslsoccer.com/alec-kann",27
"Andrew Kendall-Moullin","Atlanta United 2","https://www.uslsoccer.com/andrew-kendall-moullin",23
"Laurent Kissiedou","Atlanta United 2","https://www.uslsoccer.com/laurent-kissiedou",19
"Kevin Kratz","Atlanta United 2","https://www.uslsoccer.com/kevin-kratz",31
"Lagos Kunga","Atlanta United 2","https://www.uslsoccer.com/lagos-kunga",19
"Chad Letts","Atlanta United 2","https://www.uslsoccer.com/chad-letts",17
"Diego Lopez","Atlanta United 2","https://www.uslsoccer.com/diego-lopez",16
"Jack Metcalf","Atlanta United 2","https://www.uslsoccer.com/jack-metcalf",26
"Shawn Nicklaw","Atlanta United 2","https://www.uslsoccer.com/shawn-nicklaw",29
"Miles Robinson","Atlanta United 2","https://www.uslsoccer.com/miles-robinson",21
"Yosef Samuel","Atlanta United 2","https://www.uslsoccer.com/yosef-samuel",21
"Devon Sandoval","Atlanta United 2","https://www.uslsoccer.com/devon-sandoval",27
"Oliver Shannon","Atlanta United 2","https://www.uslsoccer.com/oliver-shannon",22
"Russell Shealy","Atlanta United 2","https://www.uslsoccer.com/russell-shealy",18
"Brandon Vazquez","Atlanta United 2","https://www.uslsoccer.com/brandon-vazquez",19
"Andrew Wheeler-Omiunu","Atlanta United 2","https://www.uslsoccer.com/andrew-wheeler-omiunu",23
"Blake White","Atlanta United 2","https://www.uslsoccer.com/blake-white",18
"Romario Williams","Atlanta United 2","https://www.uslsoccer.com/romario-williams",23
"Sal Zizzo","Atlanta United 2","https://www.uslsoccer.com/sal-zizzo",31
"Brenden Aaronson","Bethlehem Steel FC","https://www.uslsoccer.com/brenden-aaronson",17
"Aidan Apodaca","Bethlehem Steel FC","https://www.uslsoccer.com/aidan-apodaca",22
"Brandon Aubrey","Bethlehem Steel FC","https://www.uslsoccer.com/brandon-aubrey",23
"Eric Ayuk","Bethlehem Steel FC","https://www.uslsoccer.com/eric-ayuk",21
"Cory Burke","Bethlehem Steel FC","https://www.uslsoccer.com/cory-burke",26
"Brandon Aubrey","Bethlehem Steel FC","https://www.uslsoccer.com/brandon-aubrey",23
"James Chambers","Bethlehem Steel FC","https://www.uslsoccer.com/james-chambers",31
"Prosper Chiluya","Bethlehem Steel FC","https://www.uslsoccer.com/prosper-chiluya",20
"Jack Elliott","Bethlehem Steel FC","https://www.uslsoccer.com/jack-elliott",22
"Marcus Epps","Bethlehem Steel FC","https://www.uslsoccer.com/marcus-epps",23
"Anthony Fontana","Bethlehem Steel FC","https://www.uslsoccer.com/anthony-fontana",18
"Raymon Gaddis","Bethlehem Steel FC","https://www.uslsoccer.com/raymon-gaddis",28
"Eoin Gawronski","Bethlehem Steel FC","https://www.uslsoccer.com/eoin-gawronski",17
"Fabian Herbers","Bethlehem Steel FC","https://www.uslsoccer.com/fabian-herbers",24
"Omar Holness","Bethlehem Steel FC","https://www.uslsoccer.com/omar-holness",24
"Derrick Jones","Bethlehem Steel FC","https://www.uslsoccer.com/derrick-jones",21
"Seth Kuhn","Bethlehem Steel FC","https://www.uslsoccer.com/seth-kuhn",17
"Matt Mahoney","Bethlehem Steel FC","https://www.uslsoccer.com/matt-mahoney",23
"Richie Marquez","Bethlehem Steel FC","https://www.uslsoccer.com/richie-marquez",26
"Olivier Mbaizo","Bethlehem Steel FC","https://www.uslsoccer.com/olivier-mbaizo",20
"John McCarthy","Bethlehem Steel FC","https://www.uslsoccer.com/john-mccarthy",26
"Jake McGuire","Bethlehem Steel FC","https://www.uslsoccer.com/jake-mcguire",23
"Mark McKenzie","Bethlehem Steel FC","https://www.uslsoccer.com/mark-mckenzie",19
"Santi Moar","Bethlehem Steel FC","https://www.uslsoccer.com/santi-moar",24
"Adam Najem","Bethlehem Steel FC","https://www.uslsoccer.com/adam-najem",23
"Chris Nanco","Bethlehem Steel FC","https://www.uslsoccer.com/chris-nanco",23
"Michee Ngalina","Bethlehem Steel FC","https://www.uslsoccer.com/michee-ngalina",18
"Ben Ofeimu","Bethlehem Steel FC","https://www.uslsoccer.com/ben-ofeimu",17
"AJ Paterson","Bethlehem Steel FC","https://www.uslsoccer.com/aj-paterson",22
"Michael Pellegrino","Bethlehem Steel FC","https://www.uslsoccer.com/michael-pellegrino",17
"Jeremy Rafanello","Bethlehem Steel FC","https://www.uslsoccer.com/jeremy-rafanello",18
"Issa Rayyan","Bethlehem Steel FC","https://www.uslsoccer.com/issa-rayyan",17
"Matthew Real","Bethlehem Steel FC","https://www.uslsoccer.com/matthew-real",19
"Tomas Romero","Bethlehem Steel FC","https://www.uslsoccer.com/tomas-romero",17
"Kristopher Shakes","Bethlehem Steel FC","https://www.uslsoccer.com/kristopher-shakes",17
"AJ Paterson","Bethlehem Steel FC","https://www.uslsoccer.com/aj-paterson",22
"Tonny Temple","Bethlehem Steel FC","https://www.uslsoccer.com/tonny-temple",17
"Joshua Yaro","Bethlehem Steel FC","https://www.uslsoccer.com/joshua-yaro",23
"Tah Anunga","Charleston Battery","https://www.uslsoccer.com/tah-anunga",21
"Ryan Arambula","Charleston Battery","https://www.uslsoccer.com/ryan-arambula",24
"Leland Archer","Charleston Battery","https://www.uslsoccer.com/leland-archer",22
"Robert Beebe","Charleston Battery","https://www.uslsoccer.com/robert-beebe",25
"Jay Bolt","Charleston Battery","https://www.uslsoccer.com/jay-bolt",23
"Odisnel Cooper","Charleston Battery","https://www.uslsoccer.com/odisnel-cooper",26
"Quinton Griffith","Charleston Battery","https://www.uslsoccer.com/quinton-griffith",26
"Ataulla Guerra","Charleston Battery","https://www.uslsoccer.com/ataulla-guerra",30
"Neveal Hackshaw","Charleston Battery","https://www.uslsoccer.com/neveal-hackshaw",22
"Kotaro Higashi","Charleston Battery","https://www.uslsoccer.com/kotaro-higashi",28
"Angelo Kelly-Rosales","Charleston Battery","https://www.uslsoccer.com/angelo-kelly-rosales",25
"Joe Kuzminsky","Charleston Battery","https://www.uslsoccer.com/joe-kuzminsky",24
"Victor Mansaray","Charleston Battery","https://www.uslsoccer.com/victor-mansaray",21
"Taylor Mueller","Charleston Battery","https://www.uslsoccer.com/taylor-mueller",29
"Patrick Okonkwo","Charleston Battery","https://www.uslsoccer.com/patrick-okonkwo",20
"Nico Rittmeyer","Charleston Battery","https://www.uslsoccer.com/nico-rittmeyer",24
"Ian Svantesson","Charleston Battery","https://www.uslsoccer.com/ian-svantesson",24
"Skylar Thomas","Charleston Battery","https://www.uslsoccer.com/skylar-thomas",24
"Gordon Wild","Charleston Battery","https://www.uslsoccer.com/gordon-wild",22
"O'Brian Woodbine","Charleston Battery","https://www.uslsoccer.com/obrian-woodbine",30
"Jake Areman","Charlotte Independence","https://www.uslsoccer.com/jake-areman",22
"Ben Beaury","Charlotte Independence","https://www.uslsoccer.com/ben-beaury",22
"Caleb Calvert","Charlotte Independence","https://www.uslsoccer.com/caleb-calvert",21
"Cordell Cato","Charlotte Independence","https://www.uslsoccer.com/cordell-cato",26
"Calvin Doum","Charlotte Independence","https://www.uslsoccer.com/calvin-doum",19
"Bilal Duckett","Charlotte Independence","https://www.uslsoccer.com/bilal-duckett",29
"Andrew Dykstra","Charlotte Independence","https://www.uslsoccer.com/andrew-dykstra",32
"Yann Ekra","Charlotte Independence","https://www.uslsoccer.com/yann-ekra",27
"Kevan George","Charlotte Independence","https://www.uslsoccer.com/kevan-george",28
"Jorge Herrera","Charlotte Independence","https://www.uslsoccer.com/jorge-herrera",37
"Joel Johnson","Charlotte Independence","https://www.uslsoccer.com/joel-johnson",26
"Greg Jordan","Charlotte Independence","https://www.uslsoccer.com/greg-jordan",28
"Henry Kalungi","Charlotte Independence","https://www.uslsoccer.com/henry-kalungi",30
"Jungsoo Lee","Charlotte Independence","https://www.uslsoccer.com/jungsoo-lee",38
"Kainoa Likewise","Charlotte Independence","https://www.uslsoccer.com/kainoa-likewise",19
"Brandon Miller","Charlotte Independence","https://www.uslsoccer.com/brandon-miller",28
"Mutaya Mwape","Charlotte Independence","https://www.uslsoccer.com/mutaya-mwape",22
"Ricardo Perez","Charlotte Independence","https://www.uslsoccer.com/ricardo-perez",23
"Donnie Smith","Charlotte Independence","https://www.uslsoccer.com/donnie-smith",27
"Daniel Steedman","Charlotte Independence","https://www.uslsoccer.com/daniel-steedman",18
"Sam Vines","Charlotte Independence","https://www.uslsoccer.com/sam-vines",19
"Kay Voser","Charlotte Independence","https://www.uslsoccer.com/kay-voser",31
"Je-Vaughn Watson","Charlotte Independence","https://www.uslsoccer.com/je-vaughn-watson",34
"Eamon Zayed","Charlotte Independence","https://www.uslsoccer.com/eamon-zayed",34
"AJ Ajeakwa","Colorado Springs Switchbacks FC","https://www.uslsoccer.com/aj-ajeakwa",26
"Nicholas Amoako","Colorado Springs Switchbacks FC","https://www.uslsoccer.com/nicholas-amoako",20
"Jordan Burt","Colorado Springs Switchbacks FC","https://www.uslsoccer.com/jordan-burt",27
"Steward Ceus","Colorado Springs Switchbacks FC","https://www.uslsoccer.com/steward-ceus",31
"Kip Colvey","Colorado Springs Switchbacks FC","https://www.uslsoccer.com/kip-colvey",24
"Pascal Eboussi","Colorado Springs Switchbacks FC","https://www.uslsoccer.com/pascal-eboussi",20
"Sam Hamilton","Colorado Springs Switchbacks FC","https://www.uslsoccer.com/sam-hamilton",22
"Karsten Hanlin","Colorado Springs Switchbacks FC","https://www.uslsoccer.com/karsten-hanlin",24
"Taylor Hunter","Colorado Springs Switchbacks FC","https://www.uslsoccer.com/taylor-hunter",25
"Jamal Jack","Colorado Springs Switchbacks FC","https://www.uslsoccer.com/jamal-jack",30
"Niki Jackson","Colorado Springs Switchbacks FC","https://www.uslsoccer.com/niki-jackson",22
"Taeseong Kim","Colorado Springs Switchbacks FC","https://www.uslsoccer.com/taeseong-kim",24
"Uriel Macias","Colorado Springs Switchbacks FC","https://www.uslsoccer.com/uriel-macias",23
"Shane Malcolm","Colorado Springs Switchbacks FC","https://www.uslsoccer.com/shane-malcolm",26
"Marty Maybin","Colorado Springs Switchbacks FC","https://www.uslsoccer.com/marty-maybin",26
"Moise Pouaty","Colorado Springs Switchbacks FC","https://www.uslsoccer.com/moise-pouaty",22
"Saeed Robinson","Colorado Springs Switchbacks FC","https://www.uslsoccer.com/saeed-robinson",27
"Jordan Schweitzer","Colorado Springs Switchbacks FC","https://www.uslsoccer.com/jordan-schweitzer",24
"Josh Suggs","Colorado Springs Switchbacks FC","https://www.uslsoccer.com/josh-suggs",29
"Tobenna Uzo","Colorado Springs Switchbacks FC","https://www.uslsoccer.com/tobenna-uzo",23
"Luke Vercollone","Colorado Springs Switchbacks FC","https://www.uslsoccer.com/luke-vercollone",36
"Nazmi Albadawi","FC Cincinnati","https://www.uslsoccer.com/nazmi-albadawi",26
"Tomi Ameobi","FC Cincinnati","https://www.uslsoccer.com/tomi-ameobi",29
"Matt Bahner","FC Cincinnati","https://www.uslsoccer.com/matt-bahner",28
"Paddy Barrett","FC Cincinnati","https://www.uslsoccer.com/paddy-barrett",24
"Corben Bone","FC Cincinnati","https://www.uslsoccer.com/corben-bone",29
"Russell Cicerone","FC Cincinnati","https://www.uslsoccer.com/russell-cicerone",23
"Sem de Wit","FC Cincinnati","https://www.uslsoccer.com/sem-de-wit",23
"Tyler Gibson","FC Cincinnati","https://www.uslsoccer.com/tyler-gibson",27
"Justin Hoyte","FC Cincinnati","https://www.uslsoccer.com/justin-hoyte",33
"Dekel Keinan","FC Cincinnati","https://www.uslsoccer.com/dekel-keinan",33
"Danni König","FC Cincinnati","https://www.uslsoccer.com/danni-konig",31
"Nazmi Albadawi","FC Cincinnati","https://www.uslsoccer.com/nazmi-albadawi",26
"Lance Laing","FC Cincinnati","https://www.uslsoccer.com/lance-laing",30
"Forrest Lasso","FC Cincinnati","https://www.uslsoccer.com/forrest-lasso",25
"Emmanuel Ledesma","FC Cincinnati","https://www.uslsoccer.com/emmanuel-ledesma",30
"Jimmy McLaughlin","FC Cincinnati","https://www.uslsoccer.com/jimmy-mclaughlin",25
"Evan Newton","FC Cincinnati","https://www.uslsoccer.com/evan-newton",30
"Spencer Richey","FC Cincinnati","https://www.uslsoccer.com/spencer-richey",26
"Richie Ryan","FC Cincinnati","https://www.uslsoccer.com/richie-ryan",33
"Will Seymore","FC Cincinnati","https://www.uslsoccer.com/will-seymore",26
"Blake Smith","FC Cincinnati","https://www.uslsoccer.com/blake-smith",27
"Mark Village","FC Cincinnati","https://www.uslsoccer.com/mark-village",26
"Kenney Walker","FC Cincinnati","https://www.uslsoccer.com/kenney-walker",29
"Emery Welshman","FC Cincinnati","https://www.uslsoccer.com/emery-welshman",26
"Abdul Alhassan","Fresno FC","https://www.uslsoccer.com/abdul-alhassan",21
"Rony Argueta","Fresno FC","https://www.uslsoccer.com/rony-argueta",27
"Matthew Baldisimo","Fresno FC","https://www.uslsoccer.com/matthew-baldisimo",20
"Danny Barrera","Fresno FC","https://www.uslsoccer.com/danny-barrera",28
"Milton Blanco","Fresno FC","https://www.uslsoccer.com/milton-blanco",34
"Cory Brown","Fresno FC","https://www.uslsoccer.com/cory-brown",22
"Renato Bustamante","Fresno FC","https://www.uslsoccer.com/renato-bustamente",28
"Terran Campbell","Fresno FC","https://www.uslsoccer.com/terran-campbell",19
"Agustin Cazarez","Fresno FC","https://www.uslsoccer.com/agustin-cazarez",28
"Christian Chaney","Fresno FC","https://www.uslsoccer.com/christian-chaney",23
"Alex Cooper","Fresno FC","https://www.uslsoccer.com/alex-cooper",26
"Jose Cuevas","Fresno FC","https://www.uslsoccer.com/jose-cuevas",29
"Mickey Daly","Fresno FC","https://www.uslsoccer.com/mickey-daly",31
"Zach Ellis-Hayden","Fresno FC","https://www.uslsoccer.com/zach-ellis-hayden",26
"Justin Fiddes","Fresno FC","https://www.uslsoccer.com/justin-fiddes",22
"Sam Howard","Fresno FC","https://www.uslsoccer.com/sam-howard",25
"Jemal Johnson","Fresno FC","https://www.uslsoccer.com/jemal-johnson",33
"Bradley Kamdem Fewo","Fresno FC","https://www.uslsoccer.com/bradley-kamdem-fewo",23
"Ramon Martin Del Campo","Fresno FC","https://www.uslsoccer.com/ramon-martin-del-campo",25
"Beto Navarro","Fresno FC","https://www.uslsoccer.com/beto-navarro",29
"Kyle Reynish","Fresno FC","https://www.uslsoccer.com/kyle-reynish",34
"Pedro Ribeiro","Fresno FC","https://www.uslsoccer.com/pedro-ribeiro",28
"Rodolfo","Fresno FC","https://www.uslsoccer.com/rodolfo",24
"Sam Strong","Fresno FC","https://www.uslsoccer.com/sam-strong",21
"Lamin Suma","Fresno FC","https://www.uslsoccer.com/lamin-suma",27
"Franck Tayou","Fresno FC","https://www.uslsoccer.com/franck-tayou",23
"Noah Verhoeven","Fresno FC","https://www.uslsoccer.com/noah-verhoeven",19
"Amass Amankona","Indy Eleven","https://www.uslsoccer.com/amass-amankona",22
"Justin Braun","Indy Eleven","https://www.uslsoccer.com/justin-braun",31
"Jordan Farr","Indy Eleven","https://www.uslsoccer.com/jordan-farr",23
"Ayoze García","Indy Eleven","https://www.uslsoccer.com/ayoze-garcia",32
"Juan Guerra","Indy Eleven","https://www.uslsoccer.com/juan-guerra",31
"Nathan Lewis","Indy Eleven","https://www.uslsoccer.com/nathan-lewis",27
"Ben Lundgaard","Indy Eleven","https://www.uslsoccer.com/ben-lundgaard",22
"Nico Matern","Indy Eleven","https://www.uslsoccer.com/nico-matern",25
"Jack McInerney","Indy Eleven","https://www.uslsoccer.com/jack-mcinerney",25
"Carlyle Mitchell","Indy Eleven","https://www.uslsoccer.com/carlyle-mitchell",30
"Seth Moses","Indy Eleven","https://www.uslsoccer.com/seth-moses",24
"Karl Ouimette","Indy Eleven","https://www.uslsoccer.com/karl-ouimette",26
"Tyler Pasher","Indy Eleven","https://www.uslsoccer.com/tyler-pasher",24
"Brad Ring","Indy Eleven","https://www.uslsoccer.com/brad-ring",31
"Brad Rusin","Indy Eleven","https://www.uslsoccer.com/brad-rusin",31
"Soony Saad","Indy Eleven","https://www.uslsoccer.com/soony-saad",25
"Ben Speas","Indy Eleven","https://www.uslsoccer.com/ben-speas",27
"Eugene Starikov","Indy Eleven","https://www.uslsoccer.com/eugene-starikov",29
"Zach Steinberger","Indy Eleven","https://www.uslsoccer.com/zach-steinberger",26
"Kevin Venegas","Indy Eleven","https://www.uslsoccer.com/kevin-venegas",28
"Matt Watson","Indy Eleven","https://www.uslsoccer.com/matt-watson",33
"Geoffrey Acheampong","LA Galaxy II","https://www.uslsoccer.com/geoffrey-acheampong",21
"Miguel Aguilar","LA Galaxy II","https://www.uslsoccer.com/miguel-aguilar",24
"Efrain Alvarez","LA Galaxy II","https://www.uslsoccer.com/efrain-alvarez",16
"Adonis Amaya","LA Galaxy II","https://www.uslsoccer.com/adonis-amaya",21
"Emmanuel Appiah","LA Galaxy II","https://www.uslsoccer.com/emmanuel-appiah",24
"Hugo Arellano","LA Galaxy II","https://www.uslsoccer.com/hugo-arellano",20
"Jake Arteaga","LA Galaxy II","https://www.uslsoccer.com/jake-arteaga",18
"Zico Bailey","LA Galaxy II","https://www.uslsoccer.com/zico-bailey",17
"Julian Buescher","LA Galaxy II","https://www.uslsoccer.com/julian-buescher",25
"Taylor Davila","LA Galaxy II","https://www.uslsoccer.com/taylor-davila",17
"Justin Dhillon","LA Galaxy II","https://www.uslsoccer.com/justin-dhillon",23
"Jean Engola","LA Galaxy II","https://www.uslsoccer.com/jean-engola",20
"Wade Hamilton","LA Galaxy II","https://www.uslsoccer.com/wade-hamilton",23
"Jonathan Hernandez","LA Galaxy II","https://www.uslsoccer.com/jonathan-hernandez",21
"Jorge Hernandez","LA Galaxy II","https://www.uslsoccer.com/jorge-hernandez",17
"Kobe Hernandez-Foster","LA Galaxy II","https://www.uslsoccer.com/kobe-hernandez-foster",16
"Tomas Hilliard-Arce","LA Galaxy II","https://www.uslsoccer.com/tomas-hilliard-arce",22
"Bradford Jamieson IV","LA Galaxy II","https://www.uslsoccer.com/bradford-jamieson-iv",21
"Ariel Lassiter","LA Galaxy II","https://www.uslsoccer.com/ariel-lassiter",23
"Ian Lonergan","LA Galaxy II","https://www.uslsoccer.com/ian-lonergan",19
"Eric Lopez","LA Galaxy II","https://www.uslsoccer.com/eric-lopez",19
"Frank Lopez","LA Galaxy II","https://www.uslsoccer.com/frank-lopez",23
"Alex Mendez","LA Galaxy II","https://www.uslsoccer.com/alex-mendez",17
"João Pedro","LA Galaxy II","https://www.uslsoccer.com/joao-pedro",25
"John Pulskamp","LA Galaxy II","https://www.uslsoccer.com/john-pulskamp",17
"John Requejo","LA Galaxy II","https://www.uslsoccer.com/john-requejo",22
"Nate Shultz","LA Galaxy II","https://www.uslsoccer.com/nate-shultz",22
"Brian Sylvestre","LA Galaxy II","https://www.uslsoccer.com/brian-sylvestre",25
"Diedie Traore","LA Galaxy II","https://www.uslsoccer.com/diedie-traore",19
"Adrián Vera","LA Galaxy II","https://www.uslsoccer.com/adrian-vera",21
"Justin Vom Steeg","LA Galaxy II","https://www.uslsoccer.com/justin-vom-steeg",21
"Sheanon Williams","LA Galaxy II","https://www.uslsoccer.com/sheanon-williams",28
"Ethan Zubak","LA Galaxy II","https://www.uslsoccer.com/ethan-zubak",20
"Freddy Adu","Las Vegas Lights FC","https://www.uslsoccer.com/freddy-adu",29
"Marcelo Alatorre","Las Vegas Lights FC","https://www.uslsoccer.com/marcelo-alatorre",33
"Angel Alvarez","Las Vegas Lights FC","https://www.uslsoccer.com/angel-alvarez",20
"Eric Avila","Las Vegas Lights FC","https://www.uslsoccer.com/eric-avila",30
"Isaac Díaz","Las Vegas Lights FC","https://www.uslsoccer.com/isaac-diaz",25
"Zak Drake","Las Vegas Lights FC","https://www.uslsoccer.com/zak-drake",26
"Ricardo Ferriño","Las Vegas Lights FC","https://www.uslsoccer.com/ricardo-ferrino",26
"Juan Carlos Garcia","Las Vegas Lights FC","https://www.uslsoccer.com/juan-carlos-garcia",33
"Miguel Garduño","Las Vegas Lights FC","https://www.uslsoccer.com/miguel-garduno",27
"Jorge Guillen-Torres","Las Vegas Lights FC","https://www.uslsoccer.com/jorge-guillen-torres",24
"Adolfo Guzman","Las Vegas Lights FC","https://www.uslsoccer.com/adolfo-guzman",21
"Daniel Guzman Miranda","Las Vegas Lights FC","https://www.uslsoccer.com/daniel-guzman-miranda",26
"Sebastian Hernandez","Las Vegas Lights FC","https://www.uslsoccer.com/sebastian-hernandez",24
"Juan Herrera-Perla","Las Vegas Lights FC","https://www.uslsoccer.com/juan-herrera-perla",23
"Joel Huiqui","Las Vegas Lights FC","https://www.uslsoccer.com/joel-huiqui",35
"Rodrigo Íñigro","Las Vegas Lights FC","https://www.uslsoccer.com/rodrigo-inigro",31
"Marco Jaime","Las Vegas Lights FC","https://www.uslsoccer.com/marco-jaime",23
"Anuar Kanan","Las Vegas Lights FC","https://www.uslsoccer.com/anuar-kanan",23
"Daigo Kobayashi","Las Vegas Lights FC","https://www.uslsoccer.com/daigo-kobayashi",35
"Zach Mathers","Las Vegas Lights FC","https://www.uslsoccer.com/zach-mathers",24
"Raul Mendiola","Las Vegas Lights FC","https://www.uslsoccer.com/raul-mendiola",24
"Alex Mendoza","Las Vegas Lights FC","https://www.uslsoccer.com/alex-mendoza",27
"James Murphy","Las Vegas Lights FC","https://www.uslsoccer.com/james-murphy",20
"Sammy Ochoa","Las Vegas Lights FC","https://www.uslsoccer.com/sammy-ochoa",31
"Thomas Olsen","Las Vegas Lights FC","https://www.uslsoccer.com/thomas-olsen",23
"Joseph Perez","Las Vegas Lights FC","https://www.uslsoccer.com/joseph-perez",21
"Julian Portugal","Las Vegas Lights FC","https://www.uslsoccer.com/julian-portugal",25
"Omar Salgado","Las Vegas Lights FC","https://www.uslsoccer.com/omar-salgado",24
"Nicolas Samayoa","Las Vegas Lights FC","https://www.uslsoccer.com/nicolas-samayoa",22
"Matthew Thomas","Las Vegas Lights FC","https://www.uslsoccer.com/matthew-thomas",22
"Christian Torres","Las Vegas Lights FC","https://www.uslsoccer.com/christian-torres",21
"Richard Ballard","Louisville City FC","https://www.uslsoccer.com/richard-ballard",24
"Paco Craig","Louisville City FC","https://www.uslsoccer.com/paco-craig",25
"George Davis IV","Louisville City FC","https://www.uslsoccer.com/george-davis-iv",30
"Paolo DelPiccolo","Louisville City FC","https://www.uslsoccer.com/paolo-delpiccolo",27
"Shaun Francis","Louisville City FC","https://www.uslsoccer.com/shaun-francis",31
"Chris Hubbard","Louisville City FC","https://www.uslsoccer.com/chris-hubbard",23
"Ilija Ilić","Louisville City FC","https://www.uslsoccer.com/ilija-ilic",27
"Oscar Jimenez","Louisville City FC","https://www.uslsoccer.com/oscar-jimenez",28
"Cameron Lancaster","Louisville City FC","https://www.uslsoccer.com/cameron-lancaster",25
"Niall McCabe","Louisville City FC","https://www.uslsoccer.com/niall-mccabe",27
"Brian Ownby","Louisville City FC","https://www.uslsoccer.com/brian-ownby",28
"Greg Ranjitsingh","Louisville City FC","https://www.uslsoccer.com/greg-ranjitsingh",24
"Magnus Rasmussen","Louisville City FC","https://www.uslsoccer.com/magnus-rasmussen",25
"Kyle Smith","Louisville City FC","https://www.uslsoccer.com/kyle-smith",26
"Alexis Souahy","Louisville City FC","https://www.uslsoccer.com/alexis-souahy",23
"Luke Spencer","Louisville City FC","https://www.uslsoccer.com/luke-spencer",27
"Sean Totsch","Louisville City FC","https://www.uslsoccer.com/sean-totsch",26
"Speedy Williams","Louisville City FC","https://www.uslsoccer.com/devon-williams",26
"Bolu Akinyode","Nashville SC","https://www.uslsoccer.com/bolu-akinyode",24
"Brandon Allen","Nashville SC","https://www.uslsoccer.com/brandon-allen",24
"Micah Bledsoe","Nashville SC","https://www.uslsoccer.com/micah-bledsoe",23
"Bradley Bourgeois","Nashville SC","https://www.uslsoccer.com/bradley-bourgeois",24
"CJ Cochran","Nashville SC","https://www.uslsoccer.com/cj-cochran",26
"Justin Davis","Nashville SC","https://www.uslsoccer.com/justin-davis",30
"Michael DeGraffenreidt","Nashville SC","https://www.uslsoccer.com/michael-degraffenreidt",23
"Liam Doyle","Nashville SC","https://www.uslsoccer.com/liam-doyle",26
"Jordan Dunstan","Nashville SC","https://www.uslsoccer.com/jordan-dunstan",25
"David Edgar","Nashville SC","https://www.uslsoccer.com/david-edgar",31
"Martim Galvão","Nashville SC","https://www.uslsoccer.com/martim-galvao",22
"Ramone Howell","Nashville SC","https://www.uslsoccer.com/ramone-howell",23
"Josh Hughes","Nashville SC","https://www.uslsoccer.com/josh-hughes",26
"Tucker Hume","Nashville SC","https://www.uslsoccer.com/tucker-hume",24
"Ryan James","Nashville SC","https://www.uslsoccer.com/ryan-james",24
"Ismaila Jome","Nashville SC","https://www.uslsoccer.com/ismaila-jome",23
"Kosuke Kimura","Nashville SC","https://www.uslsoccer.com/kosuke-kimura",34
"Matt LaGrassa","Nashville SC","https://www.uslsoccer.com/matt-lagrassa",25
"Ian McGrath","Nashville SC","https://www.uslsoccer.com/ian-mcgrath",21
"Ropapa Mensah","Nashville SC","https://www.uslsoccer.com/ropapa-mensah",20
"Lebo Moloto","Nashville SC","https://www.uslsoccer.com/lebo-moloto",28
"Matt Pickens","Nashville SC","https://www.uslsoccer.com/matt-pickens",36
"Michael Reed","Nashville SC","https://www.uslsoccer.com/michael-reed",30
"Robin Shroot","Nashville SC","https://www.uslsoccer.com/robin-shroot",30
"Taylor Washington","Nashville SC","https://www.uslsoccer.com/taylor-washington",24
"Alan Winn","Nashville SC","https://www.uslsoccer.com/alan-winn",22
"London Woodberry","Nashville SC","https://www.uslsoccer.com/london-woodberry",27
"Wahab Ackwei","New York Red Bulls II","https://www.uslsoccer.com/wahab-ackwei",21
"Jose Aguinaga","New York Red Bulls II","https://www.uslsoccer.com/jose-aguinaga",23
"Jordan Bailon","New York Red Bulls II","https://www.uslsoccer.com/jordan-bailon",18
"Tom Barlow","New York Red Bulls II","https://www.uslsoccer.com/tom-barlow",23
"Vincent Bezecourt","New York Red Bulls II","https://www.uslsoccer.com/vincent-bezecourt",25
"Niko De Vera","New York Red Bulls II","https://www.uslsoccer.com/niko-de-vera",21
"Kyle Duncan","New York Red Bulls II","https://www.uslsoccer.com/kyle-duncan",20
"Steven Echevarria","New York Red Bulls II","https://www.uslsoccer.com/steven-echevarria",22
"Fidel Escobar","New York Red Bulls II","https://www.uslsoccer.com/fidel-escobar",23
"Derrick Etienne","New York Red Bulls II","https://www.uslsoccer.com/derrick-etienne",21
"Matthew Frank","New York Red Bulls II","https://www.uslsoccer.com/matthew-frank",18
"Sam Ilin","New York Red Bulls II","https://www.uslsoccer.com/sam-ilin",18
"Ethan Kutler","New York Red Bulls II","https://www.uslsoccer.com/ethan-kutler",23
"Connor Lade","New York Red Bulls II","https://www.uslsoccer.com/connor-lade",28
"Chris Lema","New York Red Bulls II","https://www.uslsoccer.com/chris-lema",21
"Scott Levene","New York Red Bulls II","https://www.uslsoccer.com/scott-levene",22
"Andrew Lombard","New York Red Bulls II","https://www.uslsoccer.com/andrew-lombard",20
"Evan Louro","New York Red Bulls II","https://www.uslsoccer.com/evan-louro",22
"JP Marin","New York Red Bulls II","https://www.uslsoccer.com/jp-marin",19
"Ryan Meara","New York Red Bulls II","https://www.uslsoccer.com/ryan-meara",27
"Ben Mines","New York Red Bulls II","https://www.uslsoccer.com/ben-mines",18
"Amando Moreno","New York Red Bulls II","https://www.uslsoccer.com/amando-moreno",22
"John Murphy","New York Red Bulls II","https://www.uslsoccer.com/john-murphy",18
"Alex Muyl","New York Red Bulls II","https://www.uslsoccer.com/alex-muyl",22
"Hassan Ndam","New York Red Bulls II","https://www.uslsoccer.com/hassan-ndam",19
"Kevin Politz","New York Red Bulls II","https://www.uslsoccer.com/kevin-politz",22
"Tommy Redding","New York Red Bulls II","https://www.uslsoccer.com/tommy-redding",21
"Carlos Rivas","New York Red Bulls II","https://www.uslsoccer.com/carlos-rivas",24
"Marc Rzatkowski","New York Red Bulls II","https://www.uslsoccer.com/marc-rzatkowski",28
"Jordan Scarlett","New York Red Bulls II","https://www.uslsoccer.com/jordan-scarlett",23
"Lucas Stauffer","New York Red Bulls II","https://www.uslsoccer.com/lucas-stauffer",23
"Jared Stroud","New York Red Bulls II","https://www.uslsoccer.com/jared-stroud",22
"Andrew Tinari","New York Red Bulls II","https://www.uslsoccer.com/andrew-tinari",22
"Florian Valot","New York Red Bulls II","https://www.uslsoccer.com/florian-valot",25
"Brian White","New York Red Bulls II","https://www.uslsoccer.com/brian-white",22
"Kyle Bekker","North Carolina FC","https://www.uslsoccer.com/kyle-bekker",27
"Nelson Blanco","North Carolina FC","https://www.uslsoccer.com/nelson-blanco",18
"Austin da Luz","North Carolina FC","https://www.uslsoccer.com/austin-da-luz",30
"Futty Danso","North Carolina FC","https://www.uslsoccer.com/futty-danso",35
"Peabo Doue","North Carolina FC","https://www.uslsoccer.com/peabo-doue",26
"Ulrich Ewolo","North Carolina FC","https://www.uslsoccer.com/ulrich-ewolo",22
"Peabo Doue","North Carolina FC","https://www.uslsoccer.com/peabo-doue",26
"Austin Guerrero","North Carolina FC","https://www.uslsoccer.com/austin-guerrero",29
"Aaron Guillen","North Carolina FC","https://www.uslsoccer.com/aaron-guillen",25
"Michael Harrington","North Carolina FC","https://www.uslsoccer.com/michael-harrington",32
"Marcel Kandziora","North Carolina FC","https://www.uslsoccer.com/marcel-kandziora",28
"Marios Lomis","North Carolina FC","https://www.uslsoccer.com/marios-lomis",23
"Bernhard Luxbacher","North Carolina FC","https://www.uslsoccer.com/bernhard-luxbacher",23
"George Marks","North Carolina FC","https://www.uslsoccer.com/george-marks",18
"Steven Miller","North Carolina FC","https://www.uslsoccer.com/steven-miller",28
"Daniel Ríos","North Carolina FC","https://www.uslsoccer.com/daniel-rios",23
"Ty Shipalane","North Carolina FC","https://www.uslsoccer.com/ty-shipalane",32
"Graham Smith","North Carolina FC","https://www.uslsoccer.com/graham-smith",24
"Cameron Steele","North Carolina FC","https://www.uslsoccer.com/cameron-steele",22
"Alexander Tambakis","North Carolina FC","https://www.uslsoccer.com/alexander-tambakis",25
"David Taylor","North Carolina FC","https://www.uslsoccer.com/david-taylor",20
"Connor Tobin","North Carolina FC","https://www.uslsoccer.com/connor-tobin",31
"Joseph Adjei","OKC Energy FC","https://www.uslsoccer.com/joseph-adjei",22
"Kalif Alhassan","OKC Energy FC","https://www.uslsoccer.com/kalif-alhassan",27
"Coady Andrews","OKC Energy FC","https://www.uslsoccer.com/coady-andrews",29
"José Angulo","OKC Energy FC","https://www.uslsoccer.com/jose-angulo",30
"Atiba Harris","OKC Energy FC","https://www.uslsoccer.com/atiba-harris",33
"Francis Atuahene","OKC Energy FC","https://www.uslsoccer.com/francis-atuahene",22
"Carlos Avilez","OKC Energy FC","https://www.uslsoccer.com/carlos-avilez",19
"Drew Beckie","OKC Energy FC","https://www.uslsoccer.com/drew-beckie",27
"Jonathan Brown","OKC Energy FC","https://www.uslsoccer.com/jonathan-brown",28
"Bryan Byars","OKC Energy FC","https://www.uslsoccer.com/bryan-byars",26
"Jordan Cano","OKC Energy FC","https://www.uslsoccer.com/jordan-cano",22
"Justin Chavez","OKC Energy FC","https://www.uslsoccer.com/justin-chavez",28
"Alex Dixon","OKC Energy FC","https://www.uslsoccer.com/alex-dixon",28
"Richard Dixon","OKC Energy FC","https://www.uslsoccer.com/richard-dixon",28
"Max Gunderson","OKC Energy FC","https://www.uslsoccer.com/max-gunderson",28
"Juan Guzman","OKC Energy FC","https://www.uslsoccer.com/juan-guzman",29
"Kyle Hyland","OKC Energy FC","https://www.uslsoccer.com/kyle-hyland",27
"Christian Ibeagha","OKC Energy FC","https://www.uslsoccer.com/christian-ibeagha",28
"Ryley Kraft","OKC Energy FC","https://www.uslsoccer.com/ryley-kraft",20
"Shawn McLaws","OKC Energy FC","https://www.uslsoccer.com/shawn-mclaws",25
"Juan Niño","OKC Energy FC","https://www.uslsoccer.com/juan-nino",28
"Philip Rasmussen","OKC Energy FC","https://www.uslsoccer.com/philip-rasmussen",29
"Callum Ross","OKC Energy FC","https://www.uslsoccer.com/callum-ross",23
"Jaime Siaj","OKC Energy FC","https://www.uslsoccer.com/jaime-siaj",22
"Ema Twumasi","OKC Energy FC","https://www.uslsoccer.com/ema-twumasi",21
"Matt Van Oekel","OKC Energy FC","https://www.uslsoccer.com/matt-vanoekel",31
"Christian Volesky","OKC Energy FC","https://www.uslsoccer.com/christian-volesky",25
"Kevin Alston","Orange County SC","https://www.uslsoccer.com/kevin-alston",37
"Joe Amico","Orange County SC","https://www.uslsoccer.com/joe-amico",23
"Owusu-Ansah Kontor","Orange County SC","https://www.uslsoccer.com/owusu-ansah-kontor",24
"Casey Beyers","Orange County SC","https://www.uslsoccer.com/casey-beyers",24
"Mats Bjurman","Orange County SC","https://www.uslsoccer.com/mats-bjurman",24
"Aaron Cervantes","Orange County SC","https://www.uslsoccer.com/aaron-cervantes",16
"Richard Chaplow","Orange County SC","https://www.uslsoccer.com/richard-chaplow",33
"Alex Crognale","Orange County SC","https://www.uslsoccer.com/alex-crognale",23
"Christian Duke","Orange County SC","https://www.uslsoccer.com/christian-duke",27
"Thomas Enevoldsen","Orange County SC","https://www.uslsoccer.com/thomas-enevoldsen",30
"Koji Hashimoto","Orange County SC","https://www.uslsoccer.com/koji-hashimoto",32
"Jos Hooiveld","Orange County SC","https://www.uslsoccer.com/jos-hooiveld",35
"Walker Hume","Orange County SC","https://www.uslsoccer.com/walker-hume",24
"Thomas Juel-Nielsen","Orange County SC","https://www.uslsoccer.com/thomas-juel-nielsen",28
"Zach Kobayashi","Orange County SC","https://www.uslsoccer.com/zach-kobayashi",20
"Luis López","Orange County SC","https://www.uslsoccer.com/luis-lopez",24
"Amirgy Pineda","Orange County SC","https://www.uslsoccer.com/amirgy-pineda",21
"Noah Powder","Orange County SC","https://www.uslsoccer.com/noah-powder",19
"Aodhan Quinn","Orange County SC","https://www.uslsoccer.com/aodhan-quinn",0
"Giovanni Ramos Godoy","Orange County SC","https://www.uslsoccer.com/giovanni-ramos-godoy",23
"Andre Rawls","Orange County SC","https://www.uslsoccer.com/andre-rawls",26
"Michael Seaton","Orange County SC","https://www.uslsoccer.com/michael-seaton",22
"Mark Segbers","Orange County SC","https://www.uslsoccer.com/mark-segbers",22
"Nansel Selbol","Orange County SC","https://www.uslsoccer.com/nansel-selbol",21
"Oscar Sorto","Orange County SC","https://www.uslsoccer.com/oscar-sorto",23
"Nana Attakora","Ottawa Fury FC","https://www.uslsoccer.com/nana-attakora",29
"Gabriel Balbinotti","Ottawa Fury FC","https://www.uslsoccer.com/gabriel-balbinotti",20
"Gerardo Bruna","Ottawa Fury FC","https://www.uslsoccer.com/gerardo-bruna",27
"Maxime Crépeau","Ottawa Fury FC","https://www.uslsoccer.com/maxime-crepeau",24
"Jamar Dixon","Ottawa Fury FC","https://www.uslsoccer.com/jamar-dixon",29
"Steevan Dos Santos","Ottawa Fury FC","https://www.uslsoccer.com/steevan-dos-santos",28
"Eddie Edward","Ottawa Fury FC","https://www.uslsoccer.com/eddie-edward",29
"Colin Falvey","Ottawa Fury FC","https://www.uslsoccer.com/colin-falvey",33
"Daniel Haber","Ottawa Fury FC","https://www.uslsoccer.com/daniel-haber",24
"Carl Haworth","Ottawa Fury FC","https://www.uslsoccer.com/carl-haworth",29
"Doneil Henry","Ottawa Fury FC","https://www.uslsoccer.com/doneil-henry",25
"Callum Irving","Ottawa Fury FC","https://www.uslsoccer.com/callum-irving",25
"Azake Luboyera","Ottawa Fury FC","https://www.uslsoccer.com/azake-luboyera",20
"Sergio Manesio","Ottawa Fury FC","https://www.uslsoccer.com/sergio-manesio",24
"Chris Mannella","Ottawa Fury FC","https://www.uslsoccer.com/chris-mannella",24
"Thomas Meilleur-Giguère","Ottawa Fury FC","https://www.uslsoccer.com/thomas-meilleur-giguere",20
"Monti Mohsen","Ottawa Fury FC","https://www.uslsoccer.com/monti-mohsen",18
"David Monsalve","Ottawa Fury FC","https://www.uslsoccer.com/david-monsalve",29
"Onua Obasi","Ottawa Fury FC","https://www.uslsoccer.com/onua-obasi",29
"Kévin Oliveira","Ottawa Fury FC","https://www.uslsoccer.com/kevin-oliveira",22
"Cristian Portilla","Ottawa Fury FC","https://www.uslsoccer.com/cristian-portilla",29
"Adonijah Reid","Ottawa Fury FC","https://www.uslsoccer.com/adonijah-reid",18
"Michael Salazar","Ottawa Fury FC","https://www.uslsoccer.com/michael-salazar",25
"Sito Seoane","Ottawa Fury FC","https://www.uslsoccer.com/sito-seoane",29
"Shamit Shome","Ottawa Fury FC","https://www.uslsoccer.com/shamit-shome",20
"Tony Taylor","Ottawa Fury FC","https://www.uslsoccer.com/tony-taylor",29
"Maxim Tissot","Ottawa Fury FC","https://www.uslsoccer.com/maxim-tissot",26
"Prince Baffoe","Penn FC","https://www.uslsoccer.com/prince-baffoe",24
"Salvatore Barone","Penn FC","https://www.uslsoccer.com/salvatore-barone",22
"Jake Bond","Penn FC","https://www.uslsoccer.com/jake-bond",26
"Tiago Calvano","Penn FC","https://www.uslsoccer.com/tiago-calvano",37
"Fabio De Sousa","Penn FC","https://www.uslsoccer.com/fabio-de-sousa",20
"Aaron Dennis","Penn FC","https://www.uslsoccer.com/aaron-dennis",25
"Mauro Eustaquio","Penn FC","https://www.uslsoccer.com/mauro-eustaquio",25
"Marco Franco","Penn FC","https://www.uslsoccer.com/marco-franco",26
"Harri Hawkins","Penn FC","https://www.uslsoccer.com/harri-hawkins",25
"Tommy Heinemann","Penn FC","https://www.uslsoccer.com/tommy-heinemann",31
"Chris Hill","Penn FC","https://www.uslsoccer.com/chris-hill",24
"Miguel Jaime","Penn FC","https://www.uslsoccer.com/miguel-jaime",22
"Sean Lewis","Penn FC","https://www.uslsoccer.com/sean-lewis",26
"Jacob Lissek","Penn FC","https://www.uslsoccer.com/jacob-lissek",25
"Richard Menjívar","Penn FC","https://www.uslsoccer.com/richard-menjivar",27
"Dan Metzger","Penn FC","https://www.uslsoccer.com/dan-metzger",24
"Lucky Mkosana","Penn FC","https://www.uslsoccer.com/lucky-mkosana",30
"Saalih Muhammad","Penn FC","https://www.uslsoccer.com/saalih-muhammad",22
"Fredrick Opoku","Penn FC","https://www.uslsoccer.com/fredrick-opoku",20
"Jerry Ortiz","Penn FC","https://www.uslsoccer.com/jerry-ortiz",25
"Isaac Osae","Penn FC","https://www.uslsoccer.com/isaac-osae",24
"Romuald Peiser","Penn FC","https://www.uslsoccer.com/romuald-peiser",38
"Calvin Rezende","Penn FC","https://www.uslsoccer.com/calvin-rezende",25
"Jorge Rivera","Penn FC","https://www.uslsoccer.com/jorge-rivera",22
"Haruna Shaibu","Penn FC","https://www.uslsoccer.com/haruna-shaibu",19
"Ken Tribbett","Penn FC","https://www.uslsoccer.com/ken-tribbett",25
"Kyle Venter","Penn FC","https://www.uslsoccer.com/kyle-venter",27
"Solomon Asante","Phoenix Rising FC","https://www.uslsoccer.com/solomon-asante",28
"Gladson Awako","Phoenix Rising FC","https://www.uslsoccer.com/gladson-awako",27
"John Berner","Phoenix Rising FC","https://www.uslsoccer.com/john-berner",27
"Chris Cortez","Phoenix Rising FC","https://www.uslsoccer.com/chris-cortez",29
"Amadou Dia","Phoenix Rising FC","https://www.uslsoccer.com/amadou-dia",25
"Didier Drogba","Phoenix Rising FC","https://www.uslsoccer.com/didier-drogba",40
"Devante Dubose","Phoenix Rising FC","https://www.uslsoccer.com/devante-dubose",25
"Joe Farrell","Phoenix Rising FC","https://www.uslsoccer.com/joe-farrell",24
"Collin Fernandez","Phoenix Rising FC","https://www.uslsoccer.com/collin-fernandez",21
"Billy Forbes","Phoenix Rising FC","https://www.uslsoccer.com/billy-forbes",27
"Kevaughn Frater","Phoenix Rising FC","https://www.uslsoccer.com/kevaughn-frater",23
"Dallas Jaye","Phoenix Rising FC","https://www.uslsoccer.com/dallas-jaye",25
"Jason Johnson","Phoenix Rising FC","https://www.uslsoccer.com/jason-johnson",27
"Kevon Lambert","Phoenix Rising FC","https://www.uslsoccer.com/kevon-lambert",21
"Zac Lubin","Phoenix Rising FC","https://www.uslsoccer.com/zac-lubin",28
"Doueugui Mala","Phoenix Rising FC","https://www.uslsoccer.com/doueugui-mala",24
"James Musa","Phoenix Rising FC","https://www.uslsoccer.com/james-musa",26
"Luca Ricci","Phoenix Rising FC","https://www.uslsoccer.com/luca-ricci",20
"Alessandro Riggi","Phoenix Rising FC","https://www.uslsoccer.com/alessandro-riggi",24
"Victor Vásquez","Phoenix Rising FC","https://www.uslsoccer.com/victor-vasquez",25
"Devin Vega","Phoenix Rising FC","https://www.uslsoccer.com/devin-vega",19
"Kody Wakasa","Phoenix Rising FC","https://www.uslsoccer.com/kody-wakasa",24
"Evan Waldrep","Phoenix Rising FC","https://www.uslsoccer.com/evan-waldrep",21
"Carl Woszczynski","Phoenix Rising FC","https://www.uslsoccer.com/carl-woszczynski",30
"Tobi Adewole","Pittsburgh Riverhounds SC","https://www.uslsoccer.com/tobi-adewole",22
"Kay Banjo","Pittsburgh Riverhounds SC","https://www.uslsoccer.com/kay-banjo",25
"Neco Brett","Pittsburgh Riverhounds SC","https://www.uslsoccer.com/neco-brett",26
"Dennis Chin","Pittsburgh Riverhounds SC","https://www.uslsoccer.com/dennis-chin",31
"Mouhamed Dabo","Pittsburgh Riverhounds SC","https://www.uslsoccer.com/mouhamed-dabo",22
"Jordan Dover","Pittsburgh Riverhounds SC","https://www.uslsoccer.com/jordan-dover",23
"Ben Fitzpatrick","Pittsburgh Riverhounds SC","https://www.uslsoccer.com/ben-fitzpatrick",23
"Kenardo Forbes","Pittsburgh Riverhounds SC","https://www.uslsoccer.com/kenardo-forbes",30
"Christiano François","Pittsburgh Riverhounds SC","https://www.uslsoccer.com/christiano-francois",24
"Noah Franke","Pittsburgh Riverhounds SC","https://www.uslsoccer.com/noah-franke",23
"Bakie Goodman","Pittsburgh Riverhounds SC","https://www.uslsoccer.com/bakie-goodman",23
"Joseph Greenspan","Pittsburgh Riverhounds SC","https://www.uslsoccer.com/joseph-greenspan",25
"Joseph Holland","Pittsburgh Riverhounds SC","https://www.uslsoccer.com/joseph-holland",25
"Kevin Kerr","Pittsburgh Riverhounds SC","https://www.uslsoccer.com/kevin-kerr",29
"Mike Kirk","Pittsburgh Riverhounds SC","https://www.uslsoccer.com/mike-kirk",24
"Raymond Lee","Pittsburgh Riverhounds SC","https://www.uslsoccer.com/raymond-lee",25
"Andrew Lubahn","Pittsburgh Riverhounds SC","https://www.uslsoccer.com/andrew-lubahn",26
"Dan Lynd","Pittsburgh Riverhounds SC","https://www.uslsoccer.com/dan-lynd",24
"Connor Maloney","Pittsburgh Riverhounds SC","https://www.uslsoccer.com/connor-maloney",21
"Kyle Morton","Pittsburgh Riverhounds SC","https://www.uslsoccer.com/kyle-morton",24
"Romeo Parkes","Pittsburgh Riverhounds SC","https://www.uslsoccer.com/romeo-parkes",27
"Todd Pratzner","Pittsburgh Riverhounds SC","https://www.uslsoccer.com/todd-pratzner",23
"Hugh Roberts","Pittsburgh Riverhounds SC","https://www.uslsoccer.com/hugh-roberts",25
"Thomas Vancaeyezeele","Pittsburgh Riverhounds SC","https://www.uslsoccer.com/thomas-vancaeyezeele",23
"Ben Zemanski","Pittsburgh Riverhounds SC","https://www.uslsoccer.com/ben-zemanski",30
"Vytas Andriuškevičius","Portland Timbers 2","https://www.uslsoccer.com/vytas-andriuskevicius",27
"Carlos Anguiano","Portland Timbers 2","https://www.uslsoccer.com/carlos-anguiano",18
"Victor Arboleda","Portland Timbers 2","https://www.uslsoccer.com/victor-arboleda",21
"Dairon Asprilla","Portland Timbers 2","https://www.uslsoccer.com/dairon-asprilla",26
"Jeff Attinella","Portland Timbers 2","https://www.uslsoccer.com/jeff-attinella",29
"Jack Barmby","Portland Timbers 2","https://www.uslsoccer.com/jack-barmby",23
"Lamar Batista","Portland Timbers 2","https://www.uslsoccer.com/lamar-batista",20
"Gio Calixtro","Portland Timbers 2","https://www.uslsoccer.com/gio-calixtro",18
"Julio Cascante","Portland Timbers 2","https://www.uslsoccer.com/julio-cascante",24
"Lucas Cini","Portland Timbers 2","https://www.uslsoccer.com/lucas-cini",18
"Eric Cotton","Portland Timbers 2","https://www.uslsoccer.com/eric-cotton",18
"Adrián Diz","Portland Timbers 2","https://www.uslsoccer.com/adrian-diz",24
"Jeremy Ebobisse","Portland Timbers 2","https://www.uslsoccer.com/jeremy-ebobisse",21
"Max Elliott","Portland Timbers 2","https://www.uslsoccer.com/max-elliott",17
"Christian Enriquez","Portland Timbers 2","https://www.uslsoccer.com/christian-enriquez",19
"Marco Farfan","Portland Timbers 2","https://www.uslsoccer.com/marco-farfan",19
"Andres Flores","Portland Timbers 2","https://www.uslsoccer.com/andres-flores",27
"Kyle Gruno","Portland Timbers 2","https://www.uslsoccer.com/kyle-gruno",19
"Owen Guske","Portland Timbers 2","https://www.uslsoccer.com/owen-guske",16
"David Guzmán","Portland Timbers 2","https://www.uslsoccer.com/david-guzman",28
"Harold Hanson","Portland Timbers 2","https://www.uslsoccer.com/harold-hanson",19
"Will Inalien","Portland Timbers 2","https://www.uslsoccer.com/will-inalien",19
"Modou Jadama","Portland Timbers 2","https://www.uslsoccer.com/modou-jadama",24
"Devyn Jambga","Portland Timbers 2","https://www.uslsoccer.com/devyn-jambga",22
"Johnny Klein","Portland Timbers 2","https://www.uslsoccer.com/johnny-klein",18
"Foster Langsdorf","Portland Timbers 2","https://www.uslsoccer.com/foster-langsdorf",22
"Andre Lewis","Portland Timbers 2","https://www.uslsoccer.com/andre-lewis",23
"Marvin Loría","Portland Timbers 2","https://www.uslsoccer.com/marvin-loria",21
"Terrell Lowe","Portland Timbers 2","https://www.uslsoccer.com/terrell-lowe",20
"Alex Mangels","Portland Timbers 2","https://www.uslsoccer.com/alex-mangels",24
"Kendall McIntosh","Portland Timbers 2","https://www.uslsoccer.com/kendall-mcintosh",24
"Roy Miller","Portland Timbers 2","https://www.uslsoccer.com/roy-miller",33
"Jimmy Mulligan","Portland Timbers 2","https://www.uslsoccer.com/jimmy-mulligan",26
"Kash Oladapo","Portland Timbers 2","https://www.uslsoccer.com/kash-oladapo",16
"Max Ornstil","Portland Timbers 2","https://www.uslsoccer.com/max-ornstil",24
"Austin Pack","Portland Timbers 2","https://www.uslsoccer.com/austin-pack",24
"Josh Phillips","Portland Timbers 2","https://www.uslsoccer.com/josh-phillips",26
"Nathan Smith","Portland Timbers 2","https://www.uslsoccer.com/nathan-smith",23
"Vitalis Takawira","Portland Timbers 2","https://www.uslsoccer.com/vitalis-takawira",19
"Bill Tuiloma","Portland Timbers 2","https://www.uslsoccer.com/bill-tuiloma",23
"Darixon Vuelto","Portland Timbers 2","https://www.uslsoccer.com/darixon-vuelto",20
"Augustine Williams","Portland Timbers 2","https://www.uslsoccer.com/augustine-williams",20
"Eryk Williamson","Portland Timbers 2","https://www.uslsoccer.com/eryk-williamson",21
"Renzo Zambrano","Portland Timbers 2","https://www.uslsoccer.com/renzo-zambrano",23
"Danilo Acosta","Real Monarchs SLC","https://www.uslsoccer.com/danilo-acosta",20
"Charlie Adams","Real Monarchs SLC","https://www.uslsoccer.com/charlie-adams",24
"Corey Baird","Real Monarchs SLC","https://www.uslsoccer.com/corey-baird",22
"Shawn Barry","Real Monarchs SLC","https://www.uslsoccer.com/shawn-barry",28
"Nick Besler","Real Monarchs SLC","https://www.uslsoccer.com/nick-besler",25
"Jack Blake","Real Monarchs SLC","https://www.uslsoccer.com/jack-blake",33
"Andrew Brody","Real Monarchs SLC","https://www.uslsoccer.com/andrew-brody",23
"Alexis Canales","Real Monarchs SLC","https://www.uslsoccer.com/alexis-canales",19
"Maikel Chang","Real Monarchs SLC","https://www.uslsoccer.com/maikel-chang",27
"David Diosa","Real Monarchs SLC","https://www.uslsoccer.com/david-diosa",25
"Michael Gallagher","Real Monarchs SLC","https://www.uslsoccer.com/michael-gallagher",23
"Rafael Guerrero","Real Monarchs SLC","https://www.uslsoccer.com/rafael-guerrero",16
"Josh Heard","Real Monarchs SLC","https://www.uslsoccer.com/josh-heard",23
"Adam Henley","Real Monarchs SLC","https://www.uslsoccer.com/adam-henley",24
"José Hernández","Real Monarchs SLC","https://www.uslsoccer.com/jose-hernandez",22
"Aaron Herrera","Real Monarchs SLC","https://www.uslsoccer.com/aaron-herrera",21
"Chandler Hoffman","Real Monarchs SLC","https://www.uslsoccer.com/chandler-hoffman",27
"David Horst","Real Monarchs SLC","https://www.uslsoccer.com/david-horst",32
"Alex Horwath","Real Monarchs SLC","https://www.uslsoccer.com/alex-horwath",31
"Juan Ignacio Mare","Real Monarchs SLC","https://www.uslsoccer.com/juan-ignacio-mare",23
"Masta Kacher","Real Monarchs SLC","https://www.uslsoccer.com/masta-kacher",22
"Jacob Jackson","Real Monarchs SLC","https://www.uslsoccer.com/jacob-jackson",18
"Richard Ledezma","Real Monarchs SLC","https://www.uslsoccer.com/richard-ledezma",17
"Jake Leeker","Real Monarchs SLC","https://www.uslsoccer.com/jake-leeker",23
"Brooks Lennon","Real Monarchs SLC","https://www.uslsoccer.com/brooks-lennon",20
"Ricky Lopez-Espin","Real Monarchs SLC","https://www.uslsoccer.com/ricky-lopez-espin",22
"Glademir Mendoza","Real Monarchs SLC","https://www.uslsoccer.com/glademir-mendoza",18
"Lyes Mezine","Real Monarchs SLC","https://www.uslsoccer.com/lyes-mezine",19
"James Moberg","Real Monarchs SLC","https://www.uslsoccer.com/james-moberg",24
"Luke Mulholland","Real Monarchs SLC","https://www.uslsoccer.com/luke-mulholland",29
"David Ochoa","Real Monarchs SLC","https://www.uslsoccer.com/david-ochoa",17
"Taylor Peay","Real Monarchs SLC","https://www.uslsoccer.com/taylor-peay",26
"Demar Phillips","Real Monarchs SLC","https://www.uslsoccer.com/demar-phillips",34
"Konrad Plewa","Real Monarchs SLC","https://www.uslsoccer.com/konrad-plewa",26
"Justin Portillo","Real Monarchs SLC","https://www.uslsoccer.com/justin-portillo",25
"Andrew Putna","Real Monarchs SLC","https://www.uslsoccer.com/andrew-putna",23
"Pablo Ruiz","Real Monarchs SLC","https://www.uslsoccer.com/pablo-ruiz",19
"Kalen Ryden","Real Monarchs SLC","https://www.uslsoccer.com/kalen-ryden",27
"Sebastian Saucedo","Real Monarchs SLC","https://www.uslsoccer.com/sebastian-saucedo",21
"Marcelo Silva","Real Monarchs SLC","https://www.uslsoccer.com/marcelo-silva",29
"Sebastian Soto","Real Monarchs SLC","https://www.uslsoccer.com/sebastian-soto",17
"Connor Sparrow","Real Monarchs SLC","https://www.uslsoccer.com/connor-sparrow",24
"Sammy Tojaga","Real Monarchs SLC","https://www.uslsoccer.com/sammy-tojaga",18
"Sebastián Velásquez","Real Monarchs SLC","https://www.uslsoccer.com/sebastian-velasquez",27
"Rhys Williams","Real Monarchs SLC","https://www.uslsoccer.com/rhys-williams",22
"Guy Abend","Reno 1868 FC","https://www.uslsoccer.com/guy-abend",27
"Jacob Akanyirige","Reno 1868 FC","https://www.uslsoccer.com/jacob-akanyirige",16
"Matt Bersano","Reno 1868 FC","https://www.uslsoccer.com/matt-bersano",25
"Sean Bieker","Reno 1868 FC","https://www.uslsoccer.com/sean-bieker",24
"Brian Brown","Reno 1868 FC","https://www.uslsoccer.com/brian-brown",25
"Eric Calvillo","Reno 1868 FC","https://www.uslsoccer.com/eric-calvillo",20
"Zach Carroll","Reno 1868 FC","https://www.uslsoccer.com/zach-carroll",24
"Seth Casiple","Reno 1868 FC","https://www.uslsoccer.com/seth-casiple",24
"Darwin Espinal","Reno 1868 FC","https://www.uslsoccer.com/darwin-espinal",23
"Luis Felipe Fernandes","Reno 1868 FC","https://www.uslsoccer.com/luis-felipe-fernandes",22
"Sam Gleadle","Reno 1868 FC","https://www.uslsoccer.com/sam-gleadle",22
"Brenton Griffiths","Reno 1868 FC","https://www.uslsoccer.com/brenton-griffiths",27
"Antoine Hoppenot","Reno 1868 FC","https://www.uslsoccer.com/antoine-hoppenot",27
"Kyle Ihn","Reno 1868 FC","https://www.uslsoccer.com/kyle-ihn",23
"Thomas Janjigian","Reno 1868 FC","https://www.uslsoccer.com/thomas-janjigian",23
"Connor Johnson","Reno 1868 FC","https://www.uslsoccer.com/connor-johnson",23
"James Kiffe","Reno 1868 FC","https://www.uslsoccer.com/james-kiffe",29
"Russell Klabough","Reno 1868 FC","https://www.uslsoccer.com/russell-klabough",28
"Duke Lacroix","Reno 1868 FC","https://www.uslsoccer.com/duke-lacroix",24
"JT Marcinkowski","Reno 1868 FC","https://www.uslsoccer.com/jt-marcinkowski",21
"Paul Marie","Reno 1868 FC","https://www.uslsoccer.com/paul-marie",23
"Lindo Mfeka","Reno 1868 FC","https://www.uslsoccer.com/lindo-mfeka",24
"Christo Michaelson","Reno 1868 FC","https://www.uslsoccer.com/christo-michaelson",22
"Jordan Murrell","Reno 1868 FC","https://www.uslsoccer.com/jordan-murrell",25
"Danny Musovski","Reno 1868 FC","https://www.uslsoccer.com/danny-musovski",22
"Kevin Partida","Reno 1868 FC","https://www.uslsoccer.com/kevin-partida",23
"Joel Qviberg","Reno 1868 FC","https://www.uslsoccer.com/joel-qviberg",25
"Brent Richards","Reno 1868 FC","https://www.uslsoccer.com/brent-richards",28
"Mohamed Thiaw","Reno 1868 FC","https://www.uslsoccer.com/mohamed-thiaw",23
"Tommy Thompson","Reno 1868 FC","https://www.uslsoccer.com/tommy-thompson",22
"Ivan Valencia","Reno 1868 FC","https://www.uslsoccer.com/ivan-valencia",19
"Chris Wehan","Reno 1868 FC","https://www.uslsoccer.com/chris-wehan",24
"Dembakwi Yomba","Reno 1868 FC","https://www.uslsoccer.com/dembakwi-yomba",21
"Kyle Adams","RGVFC Toros","https://www.uslsoccer.com/kyle-adams",21
"Pablo Aguilar","RGVFC Toros","https://www.uslsoccer.com/pablo-aguilar",23
"Eric Bird","RGVFC Toros","https://www.uslsoccer.com/eric-bird",25
"David Cabrera","RGVFC Toros","https://www.uslsoccer.com/david-cabrera",23
"Wilmer Cabrera","RGVFC Toros","https://www.uslsoccer.com/wilmer-cabrera",17
"Robert Castellanos","RGVFC Toros","https://www.uslsoccer.com/robert-castellanos",20
"Nicolas Corti","RGVFC Toros","https://www.uslsoccer.com/nicolas-corti",23
"Guillermo Delgado","RGVFC Toros","https://www.uslsoccer.com/guillermo-delgado",24
"Tyler Deric","RGVFC Toros","https://www.uslsoccer.com/tyler-deric",29
"Richard Donkor","RGVFC Toros","https://www.uslsoccer.com/richard-donkor",22
"Conor Donovan","RGVFC Toros","https://www.uslsoccer.com/conor-donovan",22
"Jesus Enriquez","RGVFC Toros","https://www.uslsoccer.com/jesus-enriquez",20
"Monday Etim","RGVFC Toros","https://www.uslsoccer.com/monday-etim",19
"Victor Garza","RGVFC Toros","https://www.uslsoccer.com/victor-garza",26
"Luis Gil","RGVFC Toros","https://www.uslsoccer.com/luis-gil",24
"Kai Greene","RGVFC Toros","https://www.uslsoccer.com/kai-greene",25
"Jorginho James","RGVFC Toros","https://www.uslsoccer.com/jorginho-james",24
"Jordan Jones","RGVFC Toros","https://www.uslsoccer.com/jordan-jones",22
"Derek Luke","RGVFC Toros","https://www.uslsoccer.com/derek-luke",25
"Adam Lundkvist","RGVFC Toros","https://www.uslsoccer.com/adam-lundkvist",24
"George Malki","RGVFC Toros","https://www.uslsoccer.com/george-malki",26
"Bryce Marion","RGVFC Toros","https://www.uslsoccer.com/bryce-marion",22
"John Montano","RGVFC Toros","https://www.uslsoccer.com/john-montano",21
"Brandon Morales","RGVFC Toros","https://www.uslsoccer.com/brandon-morales",18
"Michael Nelson","RGVFC Toros","https://www.uslsoccer.com/michael-nelson",23
"Omar Ontiveros","RGVFC Toros","https://www.uslsoccer.com/omar-ontiveros",23
"Manny Padilla","RGVFC Toros","https://www.uslsoccer.com/manny-padilla",22
"Nicolas Perea","RGVFC Toros","https://www.uslsoccer.com/nicolas-perea",25
"Aldo Quintanilla","RGVFC Toros","https://www.uslsoccer.com/aldo-quintanilla",23
"Memo Rodríguez","RGVFC Toros","https://www.uslsoccer.com/memo-rodriguez",22
"Matt Sanchez","RGVFC Toros","https://www.uslsoccer.com/matt-sanchez",23
"Carlos Small","RGVFC Toros","https://www.uslsoccer.com/carlos-small",23
"Mac Steeves","RGVFC Toros","https://www.uslsoccer.com/mac-steeves",23
"Sheldon Sullivan","RGVFC Toros","https://www.uslsoccer.com/sheldon-sullivan",23
"Jared Watts","RGVFC Toros","https://www.uslsoccer.com/jared-watts",26
"Todd Wharton","RGVFC Toros","https://www.uslsoccer.com/todd-wharton",24
"Zach Wright","RGVFC Toros","https://www.uslsoccer.com/zach-wright",22
"Sam Bacon","Richmond Kickers","https://www.uslsoccer.com/sam-bacon",19
"Greg Boehme","Richmond Kickers","https://www.uslsoccer.com/greg-boehme",23
"Matt Bolduc","Richmond Kickers","https://www.uslsoccer.com/matt-bolduc",23
"Heviel Cordovés","Richmond Kickers","https://www.uslsoccer.com/heviel-cordoves",28
"Kent Dickey","Richmond Kickers","https://www.uslsoccer.com/kent-dickey",18
"Brandon Eaton","Richmond Kickers","https://www.uslsoccer.com/brandon-eaton",23
"Giuseppe Gentile","Richmond Kickers","https://www.uslsoccer.com/giuseppe-gentile",25
"Raul Gonzalez","Richmond Kickers","https://www.uslsoccer.com/raul-gonzalez",23
"Neil Hlavaty","Richmond Kickers","https://www.uslsoccer.com/neil-hlavaty",31
"Yudai Imura","Richmond Kickers","https://www.uslsoccer.com/yudai-imura",27
"Dane Kelly","Richmond Kickers","https://www.uslsoccer.com/dane-kelly",27
"Eric Klenofsky","Richmond Kickers","https://www.uslsoccer.com/eric-klenofsky",23
"Alex Lee","Richmond Kickers","https://www.uslsoccer.com/alex-lee",28
"Evan Lee","Richmond Kickers","https://www.uslsoccer.com/evan-lee",24
"Bruno Miranda","Richmond Kickers","https://www.uslsoccer.com/bruno-miranda",20
"Koby Osei-Wusu","Richmond Kickers","https://www.uslsoccer.com/koby-osei-wusu",22
"Fred Owusu Sekyere","Richmond Kickers","https://www.uslsoccer.com/fred-owusu-sekyere",32
"Mallan Roberts","Richmond Kickers","https://www.uslsoccer.com/mallan-roberts",26
"Conor Shanosky","Richmond Kickers","https://www.uslsoccer.com/conor-shanosky",26
"Brian Shriver","Richmond Kickers","https://www.uslsoccer.com/brian-shriver",30
"Trevor Spangenberg","Richmond Kickers","https://www.uslsoccer.com/trevor-spangenberg",27
"Scott Thomsen","Richmond Kickers","https://www.uslsoccer.com/scott-thomsen",24
"Braeden Troyer","Richmond Kickers","https://www.uslsoccer.com/braeden-troyer",25
"Oscar Umar","Richmond Kickers","https://www.uslsoccer.com/oscar-umar",25
"Mekeil Williams","Richmond Kickers","https://www.uslsoccer.com/mekeil-williams",27
"Travis Worra","Richmond Kickers","https://www.uslsoccer.com/travis-worra",25
"Finnlay Wyatt","Richmond Kickers","https://www.uslsoccer.com/finnlay-wyatt",23
"Austin Yearwood","Richmond Kickers","https://www.uslsoccer.com/austin-yearwood",23
"William Yomby","Richmond Kickers","https://www.uslsoccer.com/william-yomby",37
"Villyan Bijev","Sacramento Republic FC","https://www.uslsoccer.com/villyan-bijev",25
"Quincy Butler","Sacramento Republic FC","https://www.uslsoccer.com/quincy-butler",16
"Josh Cohen","Sacramento Republic FC","https://www.uslsoccer.com/josh-cohen",25
"Rafael Diaz","Sacramento Republic FC","https://www.uslsoccer.com/rafael-diaz",26
"Christian Eissele","Sacramento Republic FC","https://www.uslsoccer.com/christian-eissele",26
"Johan Garibay","Sacramento Republic FC","https://www.uslsoccer.com/johan-garibay",18
"Shannon Gomez","Sacramento Republic FC","https://www.uslsoccer.com/shannon-gomez",21
"Jeremy Hall","Sacramento Republic FC","https://www.uslsoccer.com/jeremy-hall",29
"Roberto Hategan","Sacramento Republic FC","https://www.uslsoccer.com/roberto-hategan",17
"Elliott Hord","Sacramento Republic FC","https://www.uslsoccer.com/elliott-hord",26
"Cameron Iwasa","Sacramento Republic FC","https://www.uslsoccer.com/cameron-iwasa",25
"Emrah Klimenta","Sacramento Republic FC","https://www.uslsoccer.com/emrah-klimenta",27
"Wilson Kneeshaw","Sacramento Republic FC","https://www.uslsoccer.com/wilson-kneeshaw",24
"Jordan Martinez","Sacramento Republic FC","https://www.uslsoccer.com/jordan-martinez",18
"Jure Matjašič","Sacramento Republic FC","https://www.uslsoccer.com/jure-matjasic",26
"Mark McEntosh","Sacramento Republic FC","https://www.uslsoccer.com/mark-mcentosh",17
"Adam Moffat","Sacramento Republic FC","https://www.uslsoccer.com/adam-moffat",32
"Hayden Partain","Sacramento Republic FC","https://www.uslsoccer.com/hayden-partain",23
"Carlos Rodriguez","Sacramento Republic FC","https://www.uslsoccer.com/carlos-rodriguez",22
"Justin Schmidt","Sacramento Republic FC","https://www.uslsoccer.com/justin-schmidt",24
"Cole Seiler","Sacramento Republic FC","https://www.uslsoccer.com/cole-seiler",24
"Mitchell Taintor","Sacramento Republic FC","https://www.uslsoccer.com/mitchell-taintor",23
"Josh Turnley","Sacramento Republic FC","https://www.uslsoccer.com/josh-turnley",24
"Jaime Villarreal","Sacramento Republic FC","https://www.uslsoccer.com/jaime-villarreal",23
"Esteban Zepeda","Sacramento Republic FC","https://www.uslsoccer.com/esteban-zepeda",18
"Jonathan Barden","Saint Louis FC","https://www.uslsoccer.com/jonathan-barden",25
"Joey Calistri","Saint Louis FC","https://www.uslsoccer.com/joey-calistri",24
"Michael Cox","Saint Louis FC","https://www.uslsoccer.com/michael-cox",25
"Kyle Culbertson","Saint Louis FC","https://www.uslsoccer.com/kyle-culbertson",25
"Kadeem Dacres","Saint Louis FC","https://www.uslsoccer.com/kadeem-dacres",26
"Albert Dikwa","Saint Louis FC","https://www.uslsoccer.com/albert-dikwa",20
"Wal Fall","Saint Louis FC","https://www.uslsoccer.com/wal-fall",25
"Jake Fenlason","Saint Louis FC","https://www.uslsoccer.com/jake-fenlason",25
"Sam Fink","Saint Louis FC","https://www.uslsoccer.com/sam-fink",25
"Tomas Gomez","Saint Louis FC","https://www.uslsoccer.com/tomas-gomez",25
"Kyle Greig","Saint Louis FC","https://www.uslsoccer.com/kyle-greig",28
"Corey Hertzog","Saint Louis FC","https://www.uslsoccer.com/corey-hertzog",27
"Lewis Hilton","Saint Louis FC","https://www.uslsoccer.com/lewis-hilton",24
"Phanuel Kavita","Saint Louis FC","https://www.uslsoccer.com/phanuel-kavita",25
"Austin Ledbetter","Saint Louis FC","https://www.uslsoccer.com/austin-ledbetter",23
"Cameron Lindley","Saint Louis FC","https://www.uslsoccer.com/cameron-lindley",20
"Jack Maher","Saint Louis FC","https://www.uslsoccer.com/jack-maher",18
"Austin Martz","Saint Louis FC","https://www.uslsoccer.com/austin-martz",26
"Edward Opoku","Saint Louis FC","https://www.uslsoccer.com/edward-opoku",21
"Lawson Redmon","Saint Louis FC","https://www.uslsoccer.com/lawson-redmon",16
"Sean Reynolds","Saint Louis FC","https://www.uslsoccer.com/sean-reynolds",28
"Tony Rocha","Saint Louis FC","https://www.uslsoccer.com/tony-rocha",24
"Seth Rudolph","Saint Louis FC","https://www.uslsoccer.com/seth-rudolph",27
"Patrick Schulte","Saint Louis FC","https://www.uslsoccer.com/patrick-schulte",17
"Pierre da Silva","Saint Louis FC","https://www.uslsoccer.com/pierre-dasilva",19
"Aedan Stanley","Saint Louis FC","https://www.uslsoccer.com/aedan-stanley",18
"Seth Stiebel","Saint Louis FC","https://www.uslsoccer.com/seth-stiebel",19
"Tony Walls","Saint Louis FC","https://www.uslsoccer.com/tony-walls",28
"Alex Bruce","San Antonio FC","https://www.uslsoccer.com/alex-bruce",19
"Ethan Bryant","San Antonio FC","https://www.uslsoccer.com/ethan-bryant",16
"Matt Cardone","San Antonio FC","https://www.uslsoccer.com/matt-cardone",25
"Rafa Castillo","San Antonio FC","https://www.uslsoccer.com/rafa-castillo",38
"Chris Christian","San Antonio FC","https://www.uslsoccer.com/chris-christian",29
"Greg Cochrane","San Antonio FC","https://www.uslsoccer.com/greg-cochrane",27
"Gianluca Cuomo","San Antonio FC","https://www.uslsoccer.com/gianluca-cuomo",25
"César Elizondo","San Antonio FC","https://www.uslsoccer.com/cesar-elizondo",30
"José Escalante","San Antonio FC","https://www.uslsoccer.com/jose-escalante",23
"Ryan Felix","San Antonio FC","https://www.uslsoccer.com/ryan-felix",25
"Omar Gordon","San Antonio FC","https://www.uslsoccer.com/omar-gordon",26
"Sonny Guadarrama","San Antonio FC","https://www.uslsoccer.com/sonny-guadarrama",31
"Éver Guzmán","San Antonio FC","https://www.uslsoccer.com/ever-guzman",30
"Cyprian Hedrick","San Antonio FC","https://www.uslsoccer.com/cyprian-hedrick",28
"Lee Johnston","San Antonio FC","https://www.uslsoccer.com/lee-johnston",25
"Darnell King","San Antonio FC","https://www.uslsoccer.com/darnell-king",27
"Mikey Lopez","San Antonio FC","https://www.uslsoccer.com/mikey-lopez",25
"Stephen McCarthy","San Antonio FC","https://www.uslsoccer.com/stephen-mccarthy",29
"Kyle Murphy","San Antonio FC","https://www.uslsoccer.com/kyle-murphy",25
"Connor Presley","San Antonio FC","https://www.uslsoccer.com/connor-presley",20
"Diego Restrepo","San Antonio FC","https://www.uslsoccer.com/diego-restrepo",30
"Ryan Roushandel","San Antonio FC","https://www.uslsoccer.com/ryan-roushandel",32
"Mike Seth","San Antonio FC","https://www.uslsoccer.com/mike-seth",30
"Kris Tyrpak","San Antonio FC","https://www.uslsoccer.com/kris-tyrpak",26
"Charlie Ward","San Antonio FC","https://www.uslsoccer.com/charlie-ward",23
"Tony Alfaro","Seattle Sounders FC 2","https://www.uslsoccer.com/tony-alfaro",25
"Khai Brisco","Seattle Sounders FC 2","https://www.uslsoccer.com/khai-brisco",17
"Calle Brown","Seattle Sounders FC 2","https://www.uslsoccer.com/calle-brown",26
"Antonee Burke-Gilroy","Seattle Sounders FC 2","https://www.uslsoccer.com/antonee-burke-gilroy",20
"Handwalla Bwana","Seattle Sounders FC 2","https://www.uslsoccer.com/handwalla-bwana",19
"Sakari Carter","Seattle Sounders FC 2","https://www.uslsoccer.com/sakari-carter",18
"Jacob Castro","Seattle Sounders FC 2","https://www.uslsoccer.com/jacob-castro",18
"Felix Chenkam","Seattle Sounders FC 2","https://www.uslsoccer.com/felix-chenkam",19
"Jesse Daley","Seattle Sounders FC 2","https://www.uslsoccer.com/jesse-daley",20
"Jordy Delem","Seattle Sounders FC 2","https://www.uslsoccer.com/jordy-delem",25
"Alec Diaz","Seattle Sounders FC 2","https://www.uslsoccer.com/alec-diaz",16
"Connor Drought","Seattle Sounders FC 2","https://www.uslsoccer.com/connor-drought",17
"Rodrigue Ele","Seattle Sounders FC 2","https://www.uslsoccer.com/rodrigue-ele",20
"David Estrada","Seattle Sounders FC 2","https://www.uslsoccer.com/david-estrada",30
"Sam Fowler","Seattle Sounders FC 2","https://www.uslsoccer.com/sam-fowler",17
"Waylon Francis","Seattle Sounders FC 2","https://www.uslsoccer.com/waylon-francis",27
"Azriel Gonzalez","Seattle Sounders FC 2","https://www.uslsoccer.com/azriel-gonzalez",17
"Nick Hinds","Seattle Sounders FC 2","https://www.uslsoccer.com/nick-hinds",20
"Shandon Hopeau","Seattle Sounders FC 2","https://www.uslsoccer.com/shandon-hopeau",19
"Peter Kingston","Seattle Sounders FC 2","https://www.uslsoccer.com/peter-kingston",17
"Conrad Lee","Seattle Sounders FC 2","https://www.uslsoccer.com/conrad-lee",16
"Blake Malone","Seattle Sounders FC 2","https://www.uslsoccer.com/blake-malone",17
"Cameron Martin","Seattle Sounders FC 2","https://www.uslsoccer.com/cameron-martin",18
"Jordan McCrary","Seattle Sounders FC 2","https://www.uslsoccer.com/jordan-mccrary",24
"Bryan Meredith","Seattle Sounders FC 2","https://www.uslsoccer.com/bryan-meredith",28
"Gio Miglietti","Seattle Sounders FC 2","https://www.uslsoccer.com/gio-miglietti",18
"Jake Morris","Seattle Sounders FC 2","https://www.uslsoccer.com/jake-morris",19
"Lamar Neagle","Seattle Sounders FC 2","https://www.uslsoccer.com/lamar-neagle",31
"Alfonso Ocampo-Chavez","Seattle Sounders FC 2","https://www.uslsoccer.com/alfonso-ocampo-chavez",16
"David Olsen","Seattle Sounders FC 2","https://www.uslsoccer.com/david-olsen",22
"Sam Rogers","Seattle Sounders FC 2","https://www.uslsoccer.com/sam-rogers",19
"Alex Roldan","Seattle Sounders FC 2","https://www.uslsoccer.com/alex-roldan",21
"Ray Saari","Seattle Sounders FC 2","https://www.uslsoccer.com/ray-saari",23
"Ray Serrano","Seattle Sounders FC 2","https://www.uslsoccer.com/ray-serrano",16
"Harry Shipp","Seattle Sounders FC 2","https://www.uslsoccer.com/harry-shipp",26
"Rudy Stretch","Seattle Sounders FC 2","https://www.uslsoccer.com/rudy-stretch",18
"Dylan Teves","Seattle Sounders FC 2","https://www.uslsoccer.com/dylan-teves",18
"Gabe Threadgold","Seattle Sounders FC 2","https://www.uslsoccer.com/gabe-threadgold",17
"Denso Ulysse","Seattle Sounders FC 2","https://www.uslsoccer.com/denso-ulysse",19
"Ibrahim Usman","Seattle Sounders FC 2","https://www.uslsoccer.com/ibrahim-usman",18
"Marlon Vargas","Seattle Sounders FC 2","https://www.uslsoccer.com/marlon-vargas",17
"Henry Wingo","Seattle Sounders FC 2","https://www.uslsoccer.com/henry-wingo",22
"Emiliano Amor","Swope Park Rangers","https://www.uslsoccer.com/emiliano-amor",23
"Dakota Barnathan","Swope Park Rangers","https://www.uslsoccer.com/dakota-barnathan",23
"Hadji Barry","Swope Park Rangers","https://www.uslsoccer.com/hadji-barry",25
"Kharlton Belmar","Swope Park Rangers","https://www.uslsoccer.com/kharlton-belmar",25
"Camilo Benitez","Swope Park Rangers","https://www.uslsoccer.com/camilo-benitez",18
"Justin Bilyeu","Swope Park Rangers","https://www.uslsoccer.com/justin-bilyeu",24
"Gianluca Busio","Swope Park Rangers","https://www.uslsoccer.com/gianluca-busio",16
"Sebastian Cruz","Swope Park Rangers","https://www.uslsoccer.com/sebastian-cruz",17
"Eric Dick","Swope Park Rangers","https://www.uslsoccer.com/eric-dick",23
"Amer Didic","Swope Park Rangers","https://www.uslsoccer.com/amer-didic",23
"Brad Evans","Swope Park Rangers","https://www.uslsoccer.com/brad-evans",33
"Ryan Fessler","Swope Park Rangers","https://www.uslsoccer.com/ryan-fessler",17
"Wilson Harris","Swope Park Rangers","https://www.uslsoccer.com/wilson-harris",18
"Felipe Hernandez","Swope Park Rangers","https://www.uslsoccer.com/felipe-hernandez",20
"Christian Herrera","Swope Park Rangers","https://www.uslsoccer.com/christian-herrera",21
"Sean Karani","Swope Park Rangers","https://www.uslsoccer.com/sean-karani",17
"Roman Knox","Swope Park Rangers","https://www.uslsoccer.com/roman-knox",18
"Wan Kuzain Wan Kamal","Swope Park Rangers","https://www.uslsoccer.com/wan-kuzain-wan-kamal",19
"Matt Lewis","Swope Park Rangers","https://www.uslsoccer.com/matt-lewis",21
"Jaylin Lindsey","Swope Park Rangers","https://www.uslsoccer.com/jaylin-lindsey",18
"William Little","Swope Park Rangers","https://www.uslsoccer.com/william-little",20
"Cristian Lobato","Swope Park Rangers","https://www.uslsoccer.com/cristian-lobato",29
"Darrin MacLeod","Swope Park Rangers","https://www.uslsoccer.com/darrin-macleod",24
"Parker Maher","Swope Park Rangers","https://www.uslsoccer.com/parker-maher",25
"Massimo McGuire","Swope Park Rangers","https://www.uslsoccer.com/massimo-mcguire",17
"Chase Minter","Swope Park Rangers","https://www.uslsoccer.com/chase-minter",25
"Kaveh Rad","Swope Park Rangers","https://www.uslsoccer.com/kaveh-rad",17
"Jahon Rad","Swope Park Rangers","https://www.uslsoccer.com/jahon-rad",17
"Bryam Rebellón","Swope Park Rangers","https://www.uslsoccer.com/bryam-rebellon",26
"Diego Rubio","Swope Park Rangers","https://www.uslsoccer.com/diego-rubio",25
"Rodrigo Saravia","Swope Park Rangers","https://www.uslsoccer.com/rodrigo-saravia",25
"Matheus Silva","Swope Park Rangers","https://www.uslsoccer.com/matheus-silva",21
"Seth Sinovic","Swope Park Rangers","https://www.uslsoccer.com/seth-sinovic",31
"Graham Smith","Swope Park Rangers","https://www.uslsoccer.com/graham-hennessy-smith",22
"Colton Storm","Swope Park Rangers","https://www.uslsoccer.com/colton-storm",24
"Adrian Zendejas","Swope Park Rangers","https://www.uslsoccer.com/adrian-zendejas",22
"Luke Boden","Tampa Bay Rowdies","https://www.uslsoccer.com/luke-boden",29
"Stefano Bonomo","Tampa Bay Rowdies","https://www.uslsoccer.com/stefano-bonomo",25
"Joe Cole","Tampa Bay Rowdies","https://www.uslsoccer.com/joe-cole",36
"Neill Collins","Tampa Bay Rowdies","https://www.uslsoccer.com/neill-collins",34
"Kyle Curinga","Tampa Bay Rowdies","https://www.uslsoccer.com/kyle-curinga",24
"Leo Fernandes","Tampa Bay Rowdies","https://www.uslsoccer.com/leo-fernandes",26
"Akira Fitzgerald","Tampa Bay Rowdies","https://www.uslsoccer.com/akira-fitzgerald",30
"Junior Flemmings","Tampa Bay Rowdies","https://www.uslsoccer.com/junior-flemmings",22
"Hunter Gorskie","Tampa Bay Rowdies","https://www.uslsoccer.com/hunter-gorskie",27
"Jochen Graf","Tampa Bay Rowdies","https://www.uslsoccer.com/jochen-graf",28
"Sebastián Guenzatti","Tampa Bay Rowdies","https://www.uslsoccer.com/sebastian-guenzatti",27
"Georgi Hristov","Tampa Bay Rowdies","https://www.uslsoccer.com/georgi-hristov",33
"Max Lachowecki","Tampa Bay Rowdies","https://www.uslsoccer.com/max-lachowecki",26
"Ivan Magalhães","Tampa Bay Rowdies","https://www.uslsoccer.com/ivan-magalhaes",24
"Cody Mizell","Tampa Bay Rowdies","https://www.uslsoccer.com/cody-mizell",26
"Tamika Mkandawire","Tampa Bay Rowdies","https://www.uslsoccer.com/tamika-mkandawire",35
"Alex Morrell","Tampa Bay Rowdies","https://www.uslsoccer.com/alex-morrell",24
"David Najem","Tampa Bay Rowdies","https://www.uslsoccer.com/david-najem",26
"Michael Nanchoff","Tampa Bay Rowdies","https://www.uslsoccer.com/michael-nanchoff",29
"Dominic Oduro","Tampa Bay Rowdies","https://www.uslsoccer.com/dominic-oduro",23
"Kwadwo Poku","Tampa Bay Rowdies","https://www.uslsoccer.com/kwadwo-poku",26
"Kyle Porter","Tampa Bay Rowdies","https://www.uslsoccer.com/kyle-porter",28
"Zac Portillos","Tampa Bay Rowdies","https://www.uslsoccer.com/zac-portillos",26
"Matias Reynares","Tampa Bay Rowdies","https://www.uslsoccer.com/matias-reynares",19
"Lance Rozeboom","Tampa Bay Rowdies","https://www.uslsoccer.com/lance-rozeboom",29
"Marcel Schäfer","Tampa Bay Rowdies","https://www.uslsoccer.com/marcel-schafer",34
"Afrim Taku","Tampa Bay Rowdies","https://www.uslsoccer.com/afrim-taku",28
"Leon Taylor","Tampa Bay Rowdies","https://www.uslsoccer.com/leon-taylor",25
"Martin Vingaard","Tampa Bay Rowdies","https://www.uslsoccer.com/martin-vingaard",33
"Ayo Akinola","Toronto FC II","https://www.uslsoccer.com/ayo-akinola",18
"Aikim Andrews","Toronto FC II","https://www.uslsoccer.com/aikim-andrews",22
"Borja Angoitia","Toronto FC II","https://www.uslsoccer.com/borja-angoitia",26
"Kyle Bjornethun","Toronto FC II","https://www.uslsoccer.com/kyle-bjornethun",23
"Robert Boskovic","Toronto FC II","https://www.uslsoccer.com/robert-boskovic",20
"Dante Campbell","Toronto FC II","https://www.uslsoccer.com/dante-campbell",19
"Gianluca Catalano","Toronto FC II","https://www.uslsoccer.com/gianluca-catalano",18
"Angelo Cavalluzzo","Toronto FC II","https://www.uslsoccer.com/angelo-cavalluzzo",25
"Kunle Dada-Luke","Toronto FC II","https://www.uslsoccer.com/kunle-dada-luke",18
"Aidan Daniels","Toronto FC II","https://www.uslsoccer.com/aidan-daniels",19
"Daniel DaSilva","Toronto FC II","https://www.uslsoccer.com/daniel-dasilva",20
"Julian Dunn","Toronto FC II","https://www.uslsoccer.com/julian-dunn",18
"Lars Eckenrode","Toronto FC II","https://www.uslsoccer.com/lars-eckenrode",23
"Jordan Faria","Toronto FC II","https://www.uslsoccer.com/jordan-faria",18
"Liam Fraser","Toronto FC II","https://www.uslsoccer.com/liam-fraser",20
"Afram Gorgees","Toronto FC II","https://www.uslsoccer.com/afram-gorgees",18
"Malyk Hamilton","Toronto FC II","https://www.uslsoccer.com/malyk-hamilton",18
"Jordan Hamilton","Toronto FC II","https://www.uslsoccer.com/jordan-hamilton",22
"Shaan Hundal","Toronto FC II","https://www.uslsoccer.com/shaan-hundal",19
"Malik Johnson","Toronto FC II","https://www.uslsoccer.com/malik-johnson",20
"Tim Kübel","Toronto FC II","https://www.uslsoccer.com/tim-kubel",25
"Marko Mandekic","Toronto FC II","https://www.uslsoccer.com/marko-mandekic",19
"Mariano Miño","Toronto FC II","https://www.uslsoccer.com/mariano-mino",24
"Terique Mohammed","Toronto FC II","https://www.uslsoccer.com/terique-mohammed",18
"Rimi Olatunji","Toronto FC II","https://www.uslsoccer.com/rimi-olatunji",17
"Brandon Onkony","Toronto FC II","https://www.uslsoccer.com/brandon-onkony",20
"Caleb Patterson-Sewell","Toronto FC II","https://www.uslsoccer.com/caleb-patterson-sewell",31
"Jelani Peters","Toronto FC II","https://www.uslsoccer.com/jelani-peters",24
"Luca Petrasso","Toronto FC II","https://www.uslsoccer.com/luca-petrasso",18
"Rocco Romeo","Toronto FC II","https://www.uslsoccer.com/rocco-romeo",18
"Drew Shepherd","Toronto FC II","https://www.uslsoccer.com/drew-shepherd",23
"Matthew Srbely","Toronto FC II","https://www.uslsoccer.com/matthew-srbely",19
"Ryan Telfer","Toronto FC II","https://www.uslsoccer.com/ryan-telfer",24
"Luca Uccello","Toronto FC II","https://www.uslsoccer.com/luca-uccello",21
"Gideon Waja","Toronto FC II","https://www.uslsoccer.com/gideon-waja",21
"Steffen Yeates","Toronto FC II","https://www.uslsoccer.com/steffen-yeates",18
"Fernando Arce","Tulsa Roughnecks FC","https://www.uslsoccer.com/fernando-arce",23
"Jon Bakero","Tulsa Roughnecks FC","https://www.uslsoccer.com/jon-bakero",21
"Michael Binns","Tulsa Roughnecks FC","https://www.uslsoccer.com/michael-binns",29
"Fabián Cerda","Tulsa Roughnecks FC","https://www.uslsoccer.com/fabian-cerda",29
"Stefan Cleveland","Tulsa Roughnecks FC","https://www.uslsoccer.com/stefan-cleveland",24
"D.J. Dean","Tulsa Roughnecks FC","https://www.uslsoccer.com/dj-dean",26
"Jesus Ferreira","Tulsa Roughnecks FC","https://www.uslsoccer.com/jesus-ferreira",17
"Michael Gamble","Tulsa Roughnecks FC","https://www.uslsoccer.com/michael-gamble",24
"Paris Gee","Tulsa Roughnecks FC","https://www.uslsoccer.com/paris-gee",24
"Chase Gentry","Tulsa Roughnecks FC","https://www.uslsoccer.com/chase-gentry",21
"Femi Hollinger-Janzen","Tulsa Roughnecks FC","https://www.uslsoccer.com/femi-hollinger-janzen",24
"Riggs Lennon","Tulsa Roughnecks FC","https://www.uslsoccer.com/riggs-lennon",24
"Jonathan Levin","Tulsa Roughnecks FC","https://www.uslsoccer.com/jonathan-levin",25
"Santiago Maidana","Tulsa Roughnecks FC","https://www.uslsoccer.com/santiago-maidana",27
"Ivan Mirković","Tulsa Roughnecks FC","https://www.uslsoccer.com/ivan-mirkovic",31
"Enrique Montano","Tulsa Roughnecks FC","https://www.uslsoccer.com/enrique-montano",25
"Josh Morton","Tulsa Roughnecks FC","https://www.uslsoccer.com/josh-morton",22
"Claudio Muñoz","Tulsa Roughnecks FC","https://www.uslsoccer.com/claudio-munoz",33
"Wyatt Omsberg","Tulsa Roughnecks FC","https://www.uslsoccer.com/wyatt-omsberg",22
"Jhon Pirez","Tulsa Roughnecks FC","https://www.uslsoccer.com/jhon-pirez",25
"Joaquin Rivas","Tulsa Roughnecks FC","https://www.uslsoccer.com/joaquin-rivas",26
"Christian Rodriguez","Tulsa Roughnecks FC","https://www.uslsoccer.com/christian-rodriguez",22
"Brandon Servania","Tulsa Roughnecks FC","https://www.uslsoccer.com/brandon-servania",19
"Terence Smith","Tulsa Roughnecks FC","https://www.uslsoccer.com/terence-smith",26
"Eti Tavares","Tulsa Roughnecks FC","https://www.uslsoccer.com/eti-tavares",26
"Christian Thierjung","Tulsa Roughnecks FC","https://www.uslsoccer.com/christian-thierjung",23
"Francisco Ugarte","Tulsa Roughnecks FC","https://www.uslsoccer.com/francisco-ugarte",31
"Nemanja Vuković","Tulsa Roughnecks FC","https://www.uslsoccer.com/nemanja-vukovic",24
